{
  "project_info": {
    "project_number": "603716736116",
    "project_id": "chatapp-64dfe",
    "storage_bucket": "chatapp-64dfe.appspot.com"
  },
  "client": [
    {
      "client_info": {
        "mobilesdk_app_id": "1:603716736116:android:9d8f78ede729104219ed21",
        "android_client_info": {
          "package_name": "com.chatapp.chatapp"
        }
      },
      "oauth_client": [],
      "api_key": [
        {
          "current_key": "AIzaSyALBR0RxxPBX5NKF5VjpnFSadXSoeCPIu0"
        }
      ],
      "services": {
        "appinvite_service": {
          "other_platform_oauth_client": []
        }
      }
    }
  ],
  "configuration_version": "1"
}